mlwmc4222wfs0dtn81,2019-02-02T00:00:00+00:00,2019-02,
mlwmc4222wfs0dtn82,2019-02-02T00:00:00+00:00,2019-02,
mlwmc4222wfs0xtn83,2019-02-04T00:00:00+00:00,2019-02,
mlwmc4222wfs0xan84,2019-02-09T00:00:00+00:00,2019-02,
slwmc4222wgs0xsyxb,2019-03-11T00:00:00+00:00,2019-03,
flwmc4222dgs0xan8u,2019-05-11T00:00:00+00:00,2019-05,
hlwmc4222wjs0xtd8u,2019-07-11T00:00:00+00:00,2019-07,
llwmc4222wddtyfgxb,2019-08-11T00:00:00+00:00,2019-08,
dlwmc4222sjdfstn8u,2019-08-11T00:00:00+00:00,2019-08,
qlwmc4222fjs0xtyfg,2019-09-11T00:00:00+00:00,2019-09,
elwmc4222wjggsdxxb,2019-10-11T00:00:00+00:00,2019-10,
rlwmc4222wjshxtn8u,2019-11-11T00:00:00+00:00,2019-11,
htlwmc4222gwjkdtxb,2019-12-11T00:00:00+00:00,2019-12,
ulwmc4222ssxtnfsgu,2019-01-11T00:00:00+00:00,2019-01,
olwmc4222wjgaxtyxb,2018-06-11T00:00:00+00:00,2018-06,
17gdv3l4fjs5ebpfy,2019-02-15T00:00:00+00:00,2019-02,
17gdv3lbujs5edify,2019-02-15T00:00:00+00:00,2019-02,
17gdv3lbujs5edkxs,2019-02-15T00:00:00+00:00,2019-02,
17gdv3lbujs5eelkd,2019-02-15T00:00:00+00:00,2019-02,
17gdv3llfjs5f25ss,2019-02-15T00:00:00+00:00,2019-02,
17gdv3llfjs5f275t,2019-02-15T00:00:00+00:00,2019-02,
17gdv31aojjs7x45n0,2019-02-16T00:00:00+00:00,2019-02,
17gdv31aojjs7x45rb,2019-02-16T00:00:00+00:00,2019-02,
17gdv31aojjs7x46aw,2019-02-16T00:00:00+00:00,2019-02,
17gdv31aojjs7x46ff,2019-02-16T00:00:00+00:00,2019-02,
17gdv31aojjs7x46ka,2019-02-16T00:00:00+00:00,2019-02,
17gdv31aojjs7x46os,2019-02-16T00:00:00+00:00,2019-02,
17gdv31aojjs7x46sy,2019-02-16T00:00:00+00:00,2019-02,
17gdv31aojjs7x46xf,2019-02-16T00:00:00+00:00,2019-02,
17gdv31aojjs7x4peg,2019-02-16T00:00:00+00:00,2019-02,
17gdv31aojjs7x4sgy,2019-02-16T00:00:00+00:00,2019-02,
17gdv31aojjs7x4slk,2019-02-16T00:00:00+00:00,2019-02,
17gdv31aojjs7x4t61,2019-02-16T00:00:00+00:00,2019-02,
17gdv31aojjs7x4tav,2019-02-16T00:00:00+00:00,2019-02,
17gdv31aojjs7x4tff,2019-02-16T00:00:00+00:00,2019-02,
17gdv31aojjs7x4tjl,2019-02-16T00:00:00+00:00,2019-02,
17gdv31aojjs7x4tok,2019-02-16T00:00:00+00:00,2019-02,
17gdv31aojjs7x4tt7,2019-02-16T00:00:00+00:00,2019-02,
17gdv31aojjs7x4txv,2019-02-16T00:00:00+00:00,2019-02,
17gdv31aojjs7x4u2h,2019-02-16T00:00:00+00:00,2019-02,
17gdv31aojjs7x4u79,2019-02-16T00:00:00+00:00,2019-02,
xmy8z1bmokfv8ihx0,2020-10-04T00:00:00+00:00,2020-10,
xmy8z1bmokfv8ik94,2020-10-04T00:00:00+00:00,2020-10,
