mlwmc4222wfs0xtn81,2019-02-02T00:00:00+00:00,2019-02,
mlwmc4222wfs0xtn82,2019-02-02T00:00:00+00:00,2019-02,
mlwmc4222was0xtn82,2019-02-05T00:00:00+00:00,2019-02,
mlwmc4222wfs0xtn83,2019-02-04T00:00:00+00:00,2019-02,
mlwmc4222wfs0xtn84,2019-02-09T00:00:00+00:00,2019-02,
mlwmc4222wfs0xtn85,2019-02-11T00:00:00+00:00,2019-02,
mlwmc4222afs0xtn85,2019-02-11T00:00:00+00:00,2019-02,
slwmc4222wgs0xtyxb,2019-03-11T00:00:00+00:00,2019-03,
flwmc4222dgs0xtn8u,2019-05-11T00:00:00+00:00,2019-05,
glwmc4222whg0xtyxb,2019-05-11T00:00:00+00:00,2019-05,
hlwmc4222wjs0xtn8u,2019-07-11T00:00:00+00:00,2019-07,
jlwmc4222wls0xtyxb,2019-08-11T00:00:00+00:00,2019-08,
klwmc4222dfs0xtn8u,2019-08-11T00:00:00+00:00,2019-08,
llwmc4222wdg0xtyxb,2019-08-11T00:00:00+00:00,2019-08,
dlwmc4222sjs0xtn8u,2019-08-11T00:00:00+00:00,2019-08,
qlwmc4222fjs0xtyxb,2019-09-11T00:00:00+00:00,2019-09,
wlwmc4222dfs0xtn8u,2019-09-11T00:00:00+00:00,2019-09,
elwmc4222wjggxtyxb,2019-10-11T00:00:00+00:00,2019-10,
rlwmc4222wjshxtn8u,2019-11-11T00:00:00+00:00,2019-11,
htlwmc4222wjk0xtxb,2019-12-11T00:00:00+00:00,2019-12,
ulwmc4222djssxtn8u,2019-01-11T00:00:00+00:00,2019-01,
olwmc4222wjgaxtyxb,2019-01-11T00:00:00+00:00,2019-01,
17gdv3lbujs5edlz9,2019-02-15T00:00:00+00:00,2019-02,
17gdv3lbujs5edmvy,2019-02-15T00:00:00+00:00,2019-02,
17gdv3lbujs5edo4k,2019-02-15T00:00:00+00:00,2019-02,
17gdv3lbujs5edp5b,2019-02-15T00:00:00+00:00,2019-02,
17gdv3lbujs5edqgz,2019-02-15T00:00:00+00:00,2019-02,
17gdv3lbujs5edr4o,2019-02-15T00:00:00+00:00,2019-02,
17gdv3lbujs5edrhz,2019-02-15T00:00:00+00:00,2019-02,
17gdv3lbujs5edrk2,2019-02-15T00:00:00+00:00,2019-02,
17gdv3lbujs5edrsu,2019-02-15T00:00:00+00:00,2019-02,
17gdv3lbujs5edrxd,2019-02-15T00:00:00+00:00,2019-02,
17gdv3lbujs5eds7z,2019-02-15T00:00:00+00:00,2019-02,
17gdv3lbujs5edsl5,2019-02-15T00:00:00+00:00,2019-02,
17gdv3lbujs5edtia,2019-02-15T00:00:00+00:00,2019-02,
17gdv3lbujs5educ3,2019-02-15T00:00:00+00:00,2019-02,
17gdv3lbujs5edv96,2019-02-15T00:00:00+00:00,2019-02,
17gdv3llfjs5f1cas,2019-02-15T00:00:00+00:00,2019-02,
17gdv3llfjs5f1m0u,2019-02-15T00:00:00+00:00,2019-02,
17gdv3llfjs5f287o,2019-02-15T00:00:00+00:00,2019-02,
17gdv3llfjs5f29wj,2019-02-15T00:00:00+00:00,2019-02,
17gdv3llfjs5f2awb,2019-02-15T00:00:00+00:00,2019-02,
17gdv3llfjs5f2c1c,2019-02-15T00:00:00+00:00,2019-02,
17gdv3llfjs5f2d4o,2019-02-15T00:00:00+00:00,2019-02,
17gdv3marjs62zbkg,2019-02-15T00:00:00+00:00,2019-02,
17gdv3marjs62zfy3,2019-02-15T00:00:00+00:00,2019-02,
17gdv3mpqjs6860m5,2019-02-15T00:00:00+00:00,2019-02,
17gdv31aojjs7x4adr,2019-02-16T00:00:00+00:00,2019-02,
17gdv31aojjs7x4air,2019-02-16T00:00:00+00:00,2019-02,
17gdv31aojjs7x4ana,2019-02-16T00:00:00+00:00,2019-02,
17gdv31aojjs7x4arj,2019-02-16T00:00:00+00:00,2019-02,
17gdv31aojjs7x4aw8,2019-02-16T00:00:00+00:00,2019-02,
17gdv31aojjs7x4cvu,2019-02-16T00:00:00+00:00,2019-02,
17gdv31aojjs7x4def,2019-02-16T00:00:00+00:00,2019-02,
17gdv31aojjs7x4din,2019-02-16T00:00:00+00:00,2019-02,
17gdv31aojjs7x4dn8,2019-02-16T00:00:00+00:00,2019-02,
17gdv31aojjs7x4dsf,2019-02-16T00:00:00+00:00,2019-02,
17gdv31aojjs7x4dx3,2019-02-16T00:00:00+00:00,2019-02,
17gdv31aojjs7x4e1q,2019-02-16T00:00:00+00:00,2019-02,
17gdv31aojjs7x4e6b,2019-02-16T00:00:00+00:00,2019-02,
17gdv31aojjs7x4eb3,2019-02-16T00:00:00+00:00,2019-02,
17gdv31aojjs7x4efn,2019-02-16T00:00:00+00:00,2019-02,
17gdv31aojjs7x4ejz,2019-02-16T00:00:00+00:00,2019-02,
17gdv31aojjs7x4eqe,2019-02-16T00:00:00+00:00,2019-02,
17gdv31aojjs7x4ev0,2019-02-16T00:00:00+00:00,2019-02,
17gdv31aojjs7x4f04,2019-02-16T00:00:00+00:00,2019-02,
17gdv31aojjs7x4f4q,2019-02-16T00:00:00+00:00,2019-02,
17gdv31aojjs7x4f9k,2019-02-16T00:00:00+00:00,2019-02,
17gdv31aojjs7x4fej,2019-02-16T00:00:00+00:00,2019-02,
17gdv31aojjs7x4fjj,2019-02-16T00:00:00+00:00,2019-02,
17gdv31aojjs7x4fob,2019-02-16T00:00:00+00:00,2019-02,
17gdv31aojjs7x4fto,2019-02-16T00:00:00+00:00,2019-02,
17gdv31aojjs7x4fyp,2019-02-16T00:00:00+00:00,2019-02,
17gdv31aojjs7x4g4j,2019-02-16T00:00:00+00:00,2019-02,
17gdv31aojjs7x4g9a,2019-02-16T00:00:00+00:00,2019-02,
17gdv31aojjs7x4h12,2019-02-16T00:00:00+00:00,2019-02,
17gdv31aojjs7x4hfm,2019-02-16T00:00:00+00:00,2019-02,
17gdv31aojjs7x4hup,2019-02-16T00:00:00+00:00,2019-02,
17gdv31aojjs7x4i70,2019-02-16T00:00:00+00:00,2019-02,
17gdv31aojjs7x4ice,2019-02-16T00:00:00+00:00,2019-02,
17gdv31aojjs7x4ihg,2019-02-16T00:00:00+00:00,2019-02,
17gdv31aojjs7x4ilt,2019-02-16T00:00:00+00:00,2019-02,
17gdv31aojjs7x4iqk,2019-02-16T00:00:00+00:00,2019-02,
17gdv31aojjs7x4jst,2019-02-16T00:00:00+00:00,2019-02,
17gdv31aojjs7x4jxh,2019-02-16T00:00:00+00:00,2019-02,
xmy8z1bmokfv8ilgv,2020-10-04T00:00:00+00:00,2020-10,
xmy8z1bmokfv8imm2,2020-10-04T00:00:00+00:00,2020-10,
